<?xml version="1.0" encoding="utf-8"?><checkstyle version="4.3"><file name="C:\Users\WELCOME\Desktop\project\Code-ToTrainee\wanderlust-web-service\specs\testing_spec.js"><error line="1" column="18" severity="error" message="&apos;require&apos; is not defined. (no-undef)" source="eslint.rules.no-undef" /><error line="2" column="17" severity="error" message="&apos;require&apos; is not defined. (no-undef)" source="eslint.rules.no-undef" /><error line="3" column="22" severity="error" message="&apos;require&apos; is not defined. (no-undef)" source="eslint.rules.no-undef" /><error line="4" column="23" severity="error" message="&apos;require&apos; is not defined. (no-undef)" source="eslint.rules.no-undef" /><error line="5" column="24" severity="error" message="&apos;require&apos; is not defined. (no-undef)" source="eslint.rules.no-undef" /><error line="6" column="25" severity="error" message="&apos;require&apos; is not defined. (no-undef)" source="eslint.rules.no-undef" /><error line="7" column="7" severity="error" message="&apos;bookmodel&apos; is assigned a value but never used. (no-unused-vars)" source="eslint.rules.no-unused-vars" /><error line="7" column="19" severity="error" message="&apos;require&apos; is not defined. (no-undef)" source="eslint.rules.no-undef" /><error line="8" column="17" severity="error" message="&apos;require&apos; is not defined. (no-undef)" source="eslint.rules.no-undef" /><error line="9" column="7" severity="error" message="&apos;errorlog&apos; is assigned a value but never used. (no-unused-vars)" source="eslint.rules.no-unused-vars" /><error line="9" column="18" severity="error" message="&apos;require&apos; is not defined. (no-undef)" source="eslint.rules.no-undef" /><error line="13" column="1" severity="error" message="&apos;describe&apos; is not defined. (no-undef)" source="eslint.rules.no-undef" /><error line="14" column="5" severity="error" message="&apos;it&apos; is not defined. (no-undef)" source="eslint.rules.no-undef" /><error line="21" column="55" severity="error" message="&apos;expect&apos; is not defined. (no-undef)" source="eslint.rules.no-undef" /><error line="25" column="5" severity="error" message="&apos;describe&apos; is not defined. (no-undef)" source="eslint.rules.no-undef" /><error line="26" column="9" severity="error" message="&apos;it&apos; is not defined. (no-undef)" source="eslint.rules.no-undef" /><error line="27" column="67" severity="error" message="&apos;expect&apos; is not defined. (no-undef)" source="eslint.rules.no-undef" /><error line="32" column="5" severity="error" message="&apos;describe&apos; is not defined. (no-undef)" source="eslint.rules.no-undef" /><error line="33" column="9" severity="error" message="&apos;it&apos; is not defined. (no-undef)" source="eslint.rules.no-undef" /><error line="34" column="77" severity="error" message="&apos;expect&apos; is not defined. (no-undef)" source="eslint.rules.no-undef" /><error line="37" column="9" severity="error" message="&apos;it&apos; is not defined. (no-undef)" source="eslint.rules.no-undef" /><error line="38" column="72" severity="error" message="&apos;expect&apos; is not defined. (no-undef)" source="eslint.rules.no-undef" /><error line="40" column="9" severity="error" message="&apos;it&apos; is not defined. (no-undef)" source="eslint.rules.no-undef" /><error line="41" column="92" severity="error" message="&apos;expect&apos; is not defined. (no-undef)" source="eslint.rules.no-undef" /><error line="44" column="9" severity="error" message="&apos;it&apos; is not defined. (no-undef)" source="eslint.rules.no-undef" /><error line="46" column="17" severity="error" message="&apos;expect&apos; is not defined. (no-undef)" source="eslint.rules.no-undef" /><error line="50" column="9" severity="error" message="&apos;it&apos; is not defined. (no-undef)" source="eslint.rules.no-undef" /><error line="52" column="17" severity="error" message="&apos;expect&apos; is not defined. (no-undef)" source="eslint.rules.no-undef" /><error line="60" column="5" severity="error" message="&apos;describe&apos; is not defined. (no-undef)" source="eslint.rules.no-undef" /><error line="61" column="9" severity="error" message="&apos;it&apos; is not defined. (no-undef)" source="eslint.rules.no-undef" /><error line="62" column="72" severity="error" message="&apos;expect&apos; is not defined. (no-undef)" source="eslint.rules.no-undef" /><error line="65" column="9" severity="error" message="&apos;it&apos; is not defined. (no-undef)" source="eslint.rules.no-undef" /><error line="66" column="72" severity="error" message="&apos;expect&apos; is not defined. (no-undef)" source="eslint.rules.no-undef" /><error line="69" column="9" severity="error" message="&apos;it&apos; is not defined. (no-undef)" source="eslint.rules.no-undef" /><error line="70" column="72" severity="error" message="&apos;expect&apos; is not defined. (no-undef)" source="eslint.rules.no-undef" /><error line="73" column="9" severity="error" message="&apos;it&apos; is not defined. (no-undef)" source="eslint.rules.no-undef" /><error line="74" column="59" severity="error" message="&apos;data&apos; is defined but never used. (no-unused-vars)" source="eslint.rules.no-unused-vars" /><error line="76" column="17" severity="error" message="&apos;expect&apos; is not defined. (no-undef)" source="eslint.rules.no-undef" /><error line="80" column="9" severity="error" message="&apos;it&apos; is not defined. (no-undef)" source="eslint.rules.no-undef" /><error line="82" column="17" severity="error" message="&apos;expect&apos; is not defined. (no-undef)" source="eslint.rules.no-undef" /><error line="88" column="1" severity="error" message="&apos;describe&apos; is not defined. (no-undef)" source="eslint.rules.no-undef" /><error line="89" column="5" severity="error" message="&apos;it&apos; is not defined. (no-undef)" source="eslint.rules.no-undef" /><error line="90" column="67" severity="error" message="&apos;expect&apos; is not defined. (no-undef)" source="eslint.rules.no-undef" /><error line="93" column="5" severity="error" message="&apos;it&apos; is not defined. (no-undef)" source="eslint.rules.no-undef" /><error line="94" column="76" severity="error" message="&apos;expect&apos; is not defined. (no-undef)" source="eslint.rules.no-undef" /><error line="100" column="2" severity="error" message="&apos;describe&apos; is not defined. (no-undef)" source="eslint.rules.no-undef" /><error line="101" column="5" severity="error" message="&apos;it&apos; is not defined. (no-undef)" source="eslint.rules.no-undef" /><error line="102" column="58" severity="error" message="&apos;expect&apos; is not defined. (no-undef)" source="eslint.rules.no-undef" /><error line="112" column="5" severity="error" message="&apos;it&apos; is not defined. (no-undef)" source="eslint.rules.no-undef" /><error line="113" column="61" severity="error" message="&apos;expect&apos; is not defined. (no-undef)" source="eslint.rules.no-undef" /><error line="119" column="1" severity="error" message="&apos;describe&apos; is not defined. (no-undef)" source="eslint.rules.no-undef" /><error line="120" column="5" severity="error" message="&apos;it&apos; is not defined. (no-undef)" source="eslint.rules.no-undef" /><error line="124" column="13" severity="error" message="&apos;expect&apos; is not defined. (no-undef)" source="eslint.rules.no-undef" /><error line="128" column="17" severity="error" message="&apos;expect&apos; is not defined. (no-undef)" source="eslint.rules.no-undef" /></file><file name="C:\Users\WELCOME\Desktop\project\Code-ToTrainee\wanderlust-web-service\src\app.js"><error line="1" column="17" severity="error" message="&apos;require&apos; is not defined. (no-undef)" source="eslint.rules.no-undef" /><error line="2" column="20" severity="error" message="&apos;require&apos; is not defined. (no-undef)" source="eslint.rules.no-undef" /><error line="4" column="23" severity="error" message="&apos;require&apos; is not defined. (no-undef)" source="eslint.rules.no-undef" /><error line="5" column="25" severity="error" message="&apos;require&apos; is not defined. (no-undef)" source="eslint.rules.no-undef" /><error line="6" column="20" severity="error" message="&apos;require&apos; is not defined. (no-undef)" source="eslint.rules.no-undef" /><error line="7" column="21" severity="error" message="&apos;require&apos; is not defined. (no-undef)" source="eslint.rules.no-undef" /><error line="8" column="18" severity="error" message="&apos;require&apos; is not defined. (no-undef)" source="eslint.rules.no-undef" /><error line="9" column="14" severity="error" message="&apos;require&apos; is not defined. (no-undef)" source="eslint.rules.no-undef" /><error line="24" column="1" severity="error" message="&apos;module&apos; is not defined. (no-undef)" source="eslint.rules.no-undef" /></file><file name="C:\Users\WELCOME\Desktop\project\Code-ToTrainee\wanderlust-web-service\src\model\booking.js"><error line="1" column="18" severity="error" message="&apos;require&apos; is not defined. (no-undef)" source="eslint.rules.no-undef" /><error line="73" column="115" severity="error" message="&apos;result&apos; is defined but never used. (no-unused-vars)" source="eslint.rules.no-unused-vars" /><error line="93" column="112" severity="error" message="&apos;result&apos; is defined but never used. (no-unused-vars)" source="eslint.rules.no-unused-vars" /><error line="111" column="1" severity="error" message="&apos;module&apos; is not defined. (no-undef)" source="eslint.rules.no-undef" /></file><file name="C:\Users\WELCOME\Desktop\project\Code-ToTrainee\wanderlust-web-service\src\model\getuser.js"><error line="1" column="20" severity="error" message="&apos;require&apos; is not defined. (no-undef)" source="eslint.rules.no-undef" /><error line="29" column="1" severity="error" message="&apos;module&apos; is not defined. (no-undef)" source="eslint.rules.no-undef" /></file><file name="C:\Users\WELCOME\Desktop\project\Code-ToTrainee\wanderlust-web-service\src\model\packageModel.js"><error line="1" column="18" severity="error" message="&apos;require&apos; is not defined. (no-undef)" source="eslint.rules.no-undef" /><error line="105" column="1" severity="error" message="&apos;module&apos; is not defined. (no-undef)" source="eslint.rules.no-undef" /></file><file name="C:\Users\WELCOME\Desktop\project\Code-ToTrainee\wanderlust-web-service\src\model\setupUser.js"><error line="1" column="20" severity="error" message="&apos;require&apos; is not defined. (no-undef)" source="eslint.rules.no-undef" /><error line="4" column="1" severity="error" message="&apos;exports&apos; is not defined. (no-undef)" source="eslint.rules.no-undef" /></file><file name="C:\Users\WELCOME\Desktop\project\Code-ToTrainee\wanderlust-web-service\src\model\userslogin.js"><error line="1" column="21" severity="error" message="&apos;require&apos; is not defined. (no-undef)" source="eslint.rules.no-undef" /><error line="2" column="20" severity="error" message="&apos;require&apos; is not defined. (no-undef)" source="eslint.rules.no-undef" /><error line="83" column="1" severity="error" message="&apos;module&apos; is not defined. (no-undef)" source="eslint.rules.no-undef" /></file><file name="C:\Users\WELCOME\Desktop\project\Code-ToTrainee\wanderlust-web-service\src\model\viewBookings.js"><error line="1" column="17" severity="error" message="&apos;require&apos; is not defined. (no-undef)" source="eslint.rules.no-undef" /><error line="4" column="1" severity="error" message="&apos;bookingDb&apos; is not defined. (no-undef)" source="eslint.rules.no-undef" /><error line="6" column="1" severity="error" message="&apos;bookingDb&apos; is not defined. (no-undef)" source="eslint.rules.no-undef" /><error line="18" column="1" severity="error" message="&apos;module&apos; is not defined. (no-undef)" source="eslint.rules.no-undef" /><error line="18" column="16" severity="error" message="&apos;bookingDb&apos; is not defined. (no-undef)" source="eslint.rules.no-undef" /></file><file name="C:\Users\WELCOME\Desktop\project\Code-ToTrainee\wanderlust-web-service\src\routes\bookRouter.js"><error line="5" column="7" severity="error" message="Parsing error: The keyword &apos;package&apos; is reserved" source="" /></file><file name="C:\Users\WELCOME\Desktop\project\Code-ToTrainee\wanderlust-web-service\src\routes\packageRouter.js"><error line="1" column="17" severity="error" message="&apos;require&apos; is not defined. (no-undef)" source="eslint.rules.no-undef" /><error line="3" column="15" severity="error" message="&apos;require&apos; is not defined. (no-undef)" source="eslint.rules.no-undef" /><error line="22" column="1" severity="error" message="&apos;module&apos; is not defined. (no-undef)" source="eslint.rules.no-undef" /></file><file name="C:\Users\WELCOME\Desktop\project\Code-ToTrainee\wanderlust-web-service\src\routes\userRouter.js"><error line="1" column="17" severity="error" message="&apos;require&apos; is not defined. (no-undef)" source="eslint.rules.no-undef" /><error line="3" column="19" severity="error" message="&apos;require&apos; is not defined. (no-undef)" source="eslint.rules.no-undef" /><error line="4" column="21" severity="error" message="&apos;require&apos; is not defined. (no-undef)" source="eslint.rules.no-undef" /><error line="6" column="19" severity="error" message="&apos;require&apos; is not defined. (no-undef)" source="eslint.rules.no-undef" /><error line="7" column="13" severity="error" message="&apos;require&apos; is not defined. (no-undef)" source="eslint.rules.no-undef" /><error line="8" column="22" severity="error" message="&apos;require&apos; is not defined. (no-undef)" source="eslint.rules.no-undef" /><error line="58" column="1" severity="error" message="&apos;module&apos; is not defined. (no-undef)" source="eslint.rules.no-undef" /></file><file name="C:\Users\WELCOME\Desktop\project\Code-ToTrainee\wanderlust-web-service\src\service\booking.js"><error line="1" column="13" severity="error" message="&apos;require&apos; is not defined. (no-undef)" source="eslint.rules.no-undef" /><error line="3" column="1" severity="error" message="&apos;booking&apos; is not defined. (no-undef)" source="eslint.rules.no-undef" /><error line="5" column="1" severity="error" message="&apos;booking&apos; is not defined. (no-undef)" source="eslint.rules.no-undef" /><error line="17" column="1" severity="error" message="&apos;booking&apos; is not defined. (no-undef)" source="eslint.rules.no-undef" /><error line="29" column="1" severity="error" message="&apos;module&apos; is not defined. (no-undef)" source="eslint.rules.no-undef" /><error line="29" column="18" severity="error" message="&apos;booking&apos; is not defined. (no-undef)" source="eslint.rules.no-undef" /></file><file name="C:\Users\WELCOME\Desktop\project\Code-ToTrainee\wanderlust-web-service\src\service\getuser.js"><error line="1" column="24" severity="error" message="&apos;require&apos; is not defined. (no-undef)" source="eslint.rules.no-undef" /><error line="31" column="1" severity="error" message="&apos;module&apos; is not defined. (no-undef)" source="eslint.rules.no-undef" /></file><file name="C:\Users\WELCOME\Desktop\project\Code-ToTrainee\wanderlust-web-service\src\service\packageService.js"><error line="1" column="16" severity="error" message="&apos;require&apos; is not defined. (no-undef)" source="eslint.rules.no-undef" /><error line="51" column="1" severity="error" message="&apos;module&apos; is not defined. (no-undef)" source="eslint.rules.no-undef" /></file><file name="C:\Users\WELCOME\Desktop\project\Code-ToTrainee\wanderlust-web-service\src\service\userslogin.js"><error line="1" column="16" severity="error" message="&apos;require&apos; is not defined. (no-undef)" source="eslint.rules.no-undef" /><error line="45" column="1" severity="error" message="&apos;module&apos; is not defined. (no-undef)" source="eslint.rules.no-undef" /></file><file name="C:\Users\WELCOME\Desktop\project\Code-ToTrainee\wanderlust-web-service\src\service\viewBookings.js"><error line="1" column="12" severity="error" message="&apos;require&apos; is not defined. (no-undef)" source="eslint.rules.no-undef" /><error line="4" column="1" severity="error" message="&apos;bookingData&apos; is not defined. (no-undef)" source="eslint.rules.no-undef" /><error line="7" column="1" severity="error" message="&apos;bookingData&apos; is not defined. (no-undef)" source="eslint.rules.no-undef" /><error line="21" column="1" severity="error" message="&apos;module&apos; is not defined. (no-undef)" source="eslint.rules.no-undef" /><error line="21" column="16" severity="error" message="&apos;bookingData&apos; is not defined. (no-undef)" source="eslint.rules.no-undef" /></file><file name="C:\Users\WELCOME\Desktop\project\Code-ToTrainee\wanderlust-web-service\src\utilities\connections.js"><error line="1" column="20" severity="error" message="&apos;require&apos; is not defined. (no-undef)" source="eslint.rules.no-undef" /><error line="2" column="18" severity="error" message="&apos;require&apos; is not defined. (no-undef)" source="eslint.rules.no-undef" /><error line="3" column="20" severity="error" message="&apos;global&apos; is not defined. (no-undef)" source="eslint.rules.no-undef" /><error line="85" column="15" severity="error" message="&apos;error&apos; is defined but never used. (no-unused-vars)" source="eslint.rules.no-unused-vars" /><error line="95" column="15" severity="error" message="&apos;error&apos; is defined but never used. (no-unused-vars)" source="eslint.rules.no-unused-vars" /><error line="105" column="15" severity="error" message="&apos;error&apos; is defined but never used. (no-unused-vars)" source="eslint.rules.no-unused-vars" /><error line="115" column="15" severity="error" message="&apos;error&apos; is defined but never used. (no-unused-vars)" source="eslint.rules.no-unused-vars" /><error line="123" column="1" severity="error" message="&apos;module&apos; is not defined. (no-undef)" source="eslint.rules.no-undef" /></file><file name="C:\Users\WELCOME\Desktop\project\Code-ToTrainee\wanderlust-web-service\src\utilities\ErrorLogger.js"><error line="1" column="12" severity="error" message="&apos;require&apos; is not defined. (no-undef)" source="eslint.rules.no-undef" /><error line="13" column="1" severity="error" message="&apos;module&apos; is not defined. (no-undef)" source="eslint.rules.no-undef" /></file><file name="C:\Users\WELCOME\Desktop\project\Code-ToTrainee\wanderlust-web-service\src\utilities\RequestLogger.js"><error line="1" column="12" severity="error" message="&apos;require&apos; is not defined. (no-undef)" source="eslint.rules.no-undef" /><error line="12" column="1" severity="error" message="&apos;module&apos; is not defined. (no-undef)" source="eslint.rules.no-undef" /></file><file name="C:\Users\WELCOME\Desktop\project\Code-ToTrainee\wanderlust-web-service\src\model\beanClasses\booking.js"><error line="16" column="1" severity="error" message="&apos;module&apos; is not defined. (no-undef)" source="eslint.rules.no-undef" /></file><file name="C:\Users\WELCOME\Desktop\project\Code-ToTrainee\wanderlust-web-service\src\model\beanClasses\users.js"><error line="12" column="1" severity="error" message="&apos;module&apos; is not defined. (no-undef)" source="eslint.rules.no-undef" /></file></checkstyle>